{"cameraMode":{"drawMode":0,"name":"Shaded","section":"Shading Mode"},"sceneLighting":false,"audioPlay":false,"sceneViewState":{"m_AlwaysRefresh":false,"showFog":true,"showSkybox":false,"showFlares":true,"showImageEffects":true,"showParticleSystems":true,"showVisualEffectGraphs":true,"m_FxEnabled":true},"in2DMode":false,"pivot":{"x":576.4750366210938,"y":194.35609436035157,"z":-27.91930389404297},"rotation":{"x":-0.06626014411449433,"y":0.005085837095975876,"z":-0.0003377534740138799,"w":-0.9977896213531494},"size":188.4825897216797,"orthographic":false}